{"cameraMode":{"drawMode":0,"name":"Shaded","section":"Shading Mode"},"sceneLighting":true,"audioPlay":false,"sceneViewState":{"m_AlwaysRefresh":false,"showFog":true,"showSkybox":true,"showFlares":true,"showImageEffects":true,"showParticleSystems":true,"showVisualEffectGraphs":true,"m_FxEnabled":true},"in2DMode":false,"pivot":{"x":-45.315162658691409,"y":12.096912384033204,"z":8.336124420166016},"rotation":{"x":0.007908881641924382,"y":-0.720093309879303,"z":0.008207278326153756,"w":0.6937892436981201},"size":39.213905334472659,"orthographic":false}